file_to_save_as,player_name,role,nationality,team_2025
photos/ruturaj-gaikwad.jpg,Ruturaj Gaikwad,BA,IN,CSK
photos/matheesha-pathirana.jpg,Matheesha Pathirana,FA,SL,CSK
photos/shivam-dube.jpg,Shivam Dube,AR,IN,CSK
photos/ravindra-jadeja.jpg,Ravindra Jadeja,AR,IN,CSK
photos/ms-dhoni.jpg,MS Dhoni,WK,IN,CSK
photos/jasprit-bumrah.jpg,Jasprit Bumrah,FA,IN,MI
photos/suryakumar-yadav.jpg,Suryakumar Yadav,BA,IN,MI
photos/hardik-pandya.jpg,Hardik Pandya,AR,IN,MI
photos/rohit-sharma.jpg,Rohit Sharma,BA,IN,MI
photos/tilak-varma.jpg,Tilak Varma,BA,IN,MI
photos/virat-kohli.jpg,Virat Kohli,BA,IN,RCB
photos/rajat-patidar.jpg,Rajat Patidar,BA,IN,RCB
photos/yash-dayal.jpg,Yash Dayal,FA,IN,RCB
photos/rinku-singh.jpg,Rinku Singh,BA,IN,KKR
photos/varun-chakaravarthy.jpg,Varun Chakaravarthy,SP,IN,KKR
photos/sunil-narine.jpg,Sunil Narine,AR,WI,KKR
photos/andre-russell.jpg,Andre Russell,AR,WI,KKR
photos/harshit-rana.jpg,Harshit Rana,FA,IN,KKR
photos/ramandeep-singh.jpg,Ramandeep Singh,AR,IN,KKR
photos/axar-patel.jpg,Axar Patel,AR,IN,DC
photos/kuldeep-yadav.jpg,Kuldeep Yadav,SP,IN,DC
photos/tristan-stubbs.jpg,Tristan Stubbs,BA,SA,DC
photos/abishek-porel.jpg,Abishek Porel,WK,IN,DC
photos/rashid-khan.jpg,Rashid Khan,SP,AFG,GT
photos/shubman-gill.jpg,Shubman Gill,BA,IN,GT
photos/sai-sudharsan.jpg,Sai Sudharsan,BA,IN,GT
photos/rahul-tewatia.jpg,Rahul Tewatia,AR,IN,GT
photos/shahrukh-khan.jpg,Shahrukh Khan,BA,IN,GT
photos/nicholas-pooran.jpg,Nicholas Pooran,WK,WI,LSG
photos/ravi-bishnoi.jpg,Ravi Bishnoi,SP,IN,LSG
photos/mayank-yadav.jpg,Mayank Yadav,FA,IN,LSG
photos/mohsin-khan.jpg,Mohsin Khan,FA,IN,LSG
photos/ayush-badoni.jpg,Ayush Badoni,BA,IN,LSG
photos/shashank-singh.jpg,Shashank Singh,BA,IN,PBKS
photos/prabhsimran-singh.jpg,Prabhsimran Singh,WK,IN,PBKS
photos/sanju-samson.jpg,Sanju Samson,WK,IN,RR
photos/yashasvi-jaiswal.jpg,Yashasvi Jaiswal,BA,IN,RR
photos/riyan-parag.jpg,Riyan Parag,BA,IN,RR
photos/dhruv-jurel.jpg,Dhruv Jurel,WK,IN,RR
photos/shimron-hetmyer.jpg,Shimron Hetmyer,BA,WI,RR
photos/sandeep-sharma.jpg,Sandeep Sharma,FA,IN,RR
photos/heinrich-klaasen.jpg,Heinrich Klaasen,WK,SA,SRH
photos/pat-cummins.jpg,Pat Cummins,FA,AUS,SRH
photos/abhishek-sharma.jpg,Abhishek Sharma,BA,IN,SRH
photos/travis-head.jpg,Travis Head,BA,AUS,SRH
photos/nitish-kumar-reddy.jpg,Nitish Kumar Reddy,AR,IN,SRH
photos/jos-buttler.jpg,Jos Buttler,WK,ENG,GT
photos/shreyas-iyer.jpg,Shreyas Iyer,BA,IN,PBKS
photos/rishabh-pant.jpg,Rishabh Pant,WK,IN,LSG
photos/kagiso-rabada.jpg,Kagiso Rabada,FA,SA,GT
photos/arshdeep-singh.jpg,Arshdeep Singh,FA,IN,PBKS
photos/mitchell-starc.jpg,Mitchell Starc,FA,AUS,DC
photos/yuzvendra-chahal.jpg,Yuzvendra Chahal,SP,IN,PBKS
photos/liam-livingstone.jpg,Liam Livingstone,AR,ENG,RCB
photos/david-miller.jpg,David Miller,BA,SA,LSG
photos/kl-rahul.jpg,KL Rahul,WK,IN,DC
photos/mohammed-shami.jpg,Mohammed Shami,FA,IN,SRH
photos/mohammed-siraj.jpg,Mohammed Siraj,FA,IN,GT
photos/harry-brook.jpg,Harry Brook,BA,ENG,DC
photos/devon-conway.jpg,Devon Conway,BA,NZ,CSK
photos/jake-fraser-mcgurk.jpg,Jake Fraser-McGurk,BA,AUS,DC
photos/aiden-markram.jpg,Aiden Markram,BA,SA,LSG
photos/devdutt-padikkal.jpg,Devdutt Padikkal,BA,IN,RCB
photos/rahul-tripathi.jpg,Rahul Tripathi,BA,IN,CSK
photos/ajinkya-rahane.jpg,Ajinkya Rahane,BA,IN,KKR
photos/faf-du-plessis.jpg,Faf du Plessis,BA,SA,DC
photos/manish-pandey.jpg,Manish Pandey,BA,IN,KKR
photos/nitish-rana.jpg,Nitish Rana,BA,IN,RR
photos/angkrish-raghuvanshi.jpg,Angkrish Raghuvanshi,BA,IN,KKR
photos/priyansh-arya.jpg,Priyansh Arya,BA,IN,PBKS
photos/karun-nair.jpg,Karun Nair,BA,IN,DC
photos/ryan-rickelton.jpg,Ryan Rickelton,WK,SA,MI
photos/vaibhav-suryavanshi.jpg,Vaibhav Suryavanshi,BA,IN,RR
photos/sameer-rizvi.jpg,Sameer Rizvi,BA,IN,DC
photos/nehal-wadhera.jpg,Nehal Wadhera,BA,IN,PBKS
photos/naman-dhir.jpg,Naman Dhir,AR,IN,MI
photos/ashutosh-sharma.jpg,Ashutosh Sharma,BA,IN,DC
photos/abdul-samad.jpg,Abdul Samad,BA,IN,LSG
photos/rovman-powell.jpg,Rovman Powell,BA,WI,KKR
photos/matthew-breetzke.jpg,Matthew Breetzke,BA,SA,LSG
photos/shubham-dubey.jpg,Shubham Dubey,BA,IN,RR
photos/sherfane-rutherford.jpg,Sherfane Rutherford,AR,WI,GT
photos/jacob-bethell.jpg,Jacob Bethell,AR,ENG,RCB
photos/glenn-phillips.jpg,Glenn Phillips,BA,NZ,GT
photos/bevon-jacobs.jpg,Bevon Jacobs,BA,NZ,MI
photos/himmat-singh.jpg,Himmat Singh,BA,IN,LSG
photos/atharva-taide.jpg,Atharva Taide,BA,IN,SRH
photos/abhinav-manohar.jpg,Abhinav Manohar,BA,IN,SRH
photos/aniket-verma.jpg,Aniket Verma,BA,IN,SRH
photos/sachin-baby.jpg,Sachin Baby,BA,IN,SRH
photos/shaik-rasheed.jpg,Shaik Rasheed,BA,IN,CSK
photos/andre-siddarth.jpg,Andre Siddarth,BA,IN,CSK
photos/swastik-chikara.jpg,Swastik Chikara,BA,IN,RCB
photos/harnoor-pannu.jpg,Harnoor Pannu,BA,IN,PBKS
photos/pyla-avinash.jpg,Pyla Avinash,BA,IN,PBKS
photos/marcus-stoinis.jpg,Marcus Stoinis,AR,AUS,PBKS
photos/mitchell-marsh.jpg,Mitchell Marsh,AR,AUS,LSG
photos/glenn-maxwell.jpg,Glenn Maxwell,AR,AUS,PBKS
photos/venkatesh-iyer.jpg,Venkatesh Iyer,AR,IN,KKR
photos/rachin-ravindra.jpg,Rachin Ravindra,AR,NZ,CSK
photos/washington-sundar.jpg,Washington Sundar,AR,IN,GT
photos/ravichandran-ashwin.jpg,Ravichandran Ashwin,AR,IN,CSK
photos/krunal-pandya.jpg,Krunal Pandya,AR,IN,RCB
photos/sam-curran.jpg,Sam Curran,AR,ENG,CSK
photos/moeen-ali.jpg,Moeen Ali,AR,ENG,KKR
photos/marco-jansen.jpg,Marco Jansen,AR,SA,PBKS
photos/mitchell-santner.jpg,Mitchell Santner,AR,NZ,MI
photos/will-jacks.jpg,Will Jacks,AR,ENG,MI
photos/azmatullah-omarzai.jpg,Azmatullah Omarzai,AR,AFG,PBKS
photos/vijay-shankar.jpg,Vijay Shankar,AR,IN,CSK
photos/shahbaz-ahmed.jpg,Shahbaz Ahmed,AR,IN,LSG
photos/tim-david.jpg,Tim David,AR,AUS,RCB
photos/wanindu-hasaranga.jpg,Wanindu Hasaranga,AR,SL,RR
photos/mahipal-lomror.jpg,Mahipal Lomror,AR,IN,GT
photos/aaron-hardie.jpg,Aaron Hardie,AR,AUS,PBKS
photos/jamie-overton.jpg,Jamie Overton,AR,ENG,CSK
photos/corbin-bosch.jpg,Corbin Bosch,AR,SA,MI
photos/deepak-hooda.jpg,Deepak Hooda,AR,IN,CSK
photos/kamindu-mendis.jpg,Kamindu Mendis,AR,SL,SRH
photos/romario-shepherd.jpg,Romario Shepherd,AR,WI,RCB
photos/jayant-yadav.jpg,Jayant Yadav,AR,IN,GT
photos/arshad-khan.jpg,Arshad Khan,AR,IN,GT
photos/nishant-sindhu.jpg,Nishant Sindhu,AR,IN,GT
photos/anukul-roy.jpg,Anukul Roy,AR,IN,KKR
photos/vipraj-nigam.jpg,Vipraj Nigam,AR,IN,DC
photos/ajay-mandal.jpg,Ajay Mandal,AR,IN,DC
photos/madhav-tiwari.jpg,Madhav Tiwari,AR,IN,DC
photos/tripurana-vijay.jpg,Tripurana Vijay,AR,IN,DC
photos/musheer-khan.jpg,Musheer Khan,AR,IN,PBKS
photos/suryansh-shedge.jpg,Suryansh Shedge,AR,IN,PBKS
photos/arshin-kulkarni.jpg,Arshin Kulkarni,AR,IN,LSG
photos/yuvraj-chaudhary.jpg,Yuvraj Chaudhary,AR,IN,LSG
photos/ramakrishna-ghosh.jpg,Ramakrishna Ghosh,AR,IN,CSK
photos/manoj-bhandage.jpg,Manoj Bhandage,AR,IN,RCB
photos/mohit-rathee.jpg,Mohit Rathee,AR,IN,RCB
photos/raj-angad-bawa.jpg,Raj Angad Bawa,AR,IN,MI
photos/shardul-thakur.jpg,Shardul Thakur,AR,IN,
photos/sikandar-raza.jpg,Sikandar Raza,AR,ZIM,
photos/jason-holder.jpg,Jason Holder,AR,WI,
photos/daryl-mitchell.jpg,Daryl Mitchell,AR,NZ,
photos/trent-boult.jpg,Trent Boult,FA,NZ,MI
photos/josh-hazlewood.jpg,Josh Hazlewood,FA,AUS,RCB
photos/anrich-nortje.jpg,Anrich Nortje,FA,SA,KKR
photos/bhuvneshwar-kumar.jpg,Bhuvneshwar Kumar,FA,IN,RCB
photos/deepak-chahar.jpg,Deepak Chahar,FA,IN,MI
photos/t-natarajan.jpg,T Natarajan,FA,IN,DC
photos/mukesh-kumar.jpg,Mukesh Kumar,FA,IN,DC
photos/avesh-khan.jpg,Avesh Khan,FA,IN,LSG
photos/prasidh-krishna.jpg,Prasidh Krishna,FA,IN,GT
photos/khaleel-ahmed.jpg,Khaleel Ahmed,FA,IN,CSK
photos/akash-deep.jpg,Akash Deep,FA,IN,LSG
photos/lockie-ferguson.jpg,Lockie Ferguson,FA,NZ,PBKS
photos/jofra-archer.jpg,Jofra Archer,FA,ENG,RR
photos/tushar-deshpande.jpg,Tushar Deshpande,FA,IN,RR
photos/fazalhaq-farooqi.jpg,Fazalhaq Farooqi,FA,AFG,RR
photos/spencer-johnson.jpg,Spencer Johnson,FA,AUS,KKR
photos/nuwan-thushara.jpg,Nuwan Thushara,FA,SL,RCB
photos/lungisani-ngidi.jpg,Lungisani Ngidi,FA,SA,RCB
photos/vaibhav-arora.jpg,Vaibhav Arora,FA,IN,KKR
photos/yash-thakur.jpg,Yash Thakur,FA,IN,PBKS
photos/vyshak-vijaykumar.jpg,Vyshak Vijaykumar,FA,IN,PBKS
photos/kuldeep-sen.jpg,Kuldeep Sen,FA,IN,PBKS
photos/xavier-bartlett.jpg,Xavier Bartlett,FA,AUS,PBKS
photos/reece-topley.jpg,Reece Topley,FA,ENG,MI
photos/gerald-coetzee.jpg,Gerald Coetzee,FA,SA,GT
photos/ishant-sharma.jpg,Ishant Sharma,FA,IN,GT
photos/mohit-sharma.jpg,Mohit Sharma,FA,IN,DC
photos/umran-malik.jpg,Umran Malik,FA,IN,KKR
photos/dushmantha-chameera.jpg,Dushmantha Chameera,FA,SL,DC
photos/nathan-ellis.jpg,Nathan Ellis,FA,AUS,CSK
photos/gurjapneet-singh.jpg,Gurjapneet Singh,FA,IN,CSK
photos/anshul-kamboj.jpg,Anshul Kamboj,FA,IN,CSK
photos/rasikh-salam.jpg,Rasikh Salam,FA,IN,RCB
photos/akash-madhwal.jpg,Akash Madhwal,FA,IN,RR
photos/kwena-maphaka.jpg,Kwena Maphaka,FA,SA,RR
photos/simarjeet-singh.jpg,Simarjeet Singh,FA,IN,SRH
photos/jaydev-unadkat.jpg,Jaydev Unadkat,FA,IN,SRH
photos/brydon-carse.jpg,Brydon Carse,FA,ENG,SRH
photos/eshan-malinga.jpg,Eshan Malinga,FA,SL,SRH
photos/shamar-joseph.jpg,Shamar Joseph,FA,WI,LSG
photos/ashwani-kumar.jpg,Ashwani Kumar,FA,IN,MI
photos/arjun-tendulkar.jpg,Arjun Tendulkar,FA,IN,MI
photos/satyanarayana-raju.jpg,Satyanarayana Raju,FA,IN,MI
photos/prince-yadav.jpg,Prince Yadav,FA,IN,LSG
photos/gurnoor-brar.jpg,Gurnoor Brar,FA,IN,GT
photos/mukesh-choudhary.jpg,Mukesh Choudhary,FA,IN,CSK
photos/kamlesh-nagarkoti.jpg,Kamlesh Nagarkoti,FA,IN,CSK
photos/abhinandan-singh.jpg,Abhinandan Singh,FA,IN,RCB
photos/yudhvir-singh.jpg,Yudhvir Singh,FA,IN,RR
photos/ashok-sharma.jpg,Ashok Sharma,FA,IN,RR
photos/darshan-nalkande.jpg,Darshan Nalkande,FA,IN,DC
photos/manvanth-kumar.jpg,Manvanth Kumar,FA,IN,DC
photos/harshal-patel.jpg,Harshal Patel,FA,IN,SRH
photos/lizaad-williams.jpg,Lizaad Williams,FA,SA,
photos/mustafizur-rahman.jpg,Mustafizur Rahman,FA,BAN,
photos/umesh-yadav.jpg,Umesh Yadav,FA,IN,
photos/alzarri-joseph.jpg,Alzarri Joseph,FA,WI,
photos/navdeep-saini.jpg,Navdeep Saini,FA,IN,
photos/chetan-sakariya.jpg,Chetan Sakariya,FA,IN,
photos/noor-ahmad.jpg,Noor Ahmad,SP,AFG,CSK
photos/maheesh-theekshana.jpg,Maheesh Theekshana,SP,SL,RR
photos/rahul-chahar.jpg,Rahul Chahar,SP,IN,SRH
photos/adam-zampa.jpg,Adam Zampa,SP,AUS,SRH
photos/allah-ghazanfar.jpg,Allah Ghazanfar,SP,AFG,MI
photos/harpreet-brar.jpg,Harpreet Brar,SP,IN,PBKS
photos/mayank-markande.jpg,Mayank Markande,SP,IN,KKR
photos/karn-sharma.jpg,Karn Sharma,SP,IN,MI
photos/suyash-sharma.jpg,Suyash Sharma,SP,IN,RCB
photos/shreyas-gopal.jpg,Shreyas Gopal,SP,IN,CSK
photos/sai-kishore.jpg,Sai Kishore,SP,IN,GT
photos/vignesh-puthur.jpg,Vignesh Puthur,SP,IN,MI
photos/digvesh-rathi.jpg,Digvesh Rathi,SP,IN,LSG
photos/manav-suthar.jpg,Manav Suthar,SP,IN,GT
photos/manimaran-siddharth.jpg,Manimaran Siddharth,SP,IN,LSG
photos/swapnil-singh.jpg,Swapnil Singh,SP,IN,RCB
photos/kumar-kartikeya.jpg,Kumar Kartikeya,SP,IN,RR
photos/zeeshan-ansari.jpg,Zeeshan Ansari,SP,IN,SRH
photos/praveen-dubey.jpg,Praveen Dubey,SP,IN,PBKS
photos/piyush-chawla.jpg,Piyush Chawla,SP,IN,
photos/tabraiz-shamsi.jpg,Tabraiz Shamsi,SP,SA,
photos/adil-rashid.jpg,Adil Rashid,SP,ENG,
photos/keshav-maharaj.jpg,Keshav Maharaj,SP,SA,
photos/mujeeb-ur-rahman.jpg,Mujeeb Ur Rahman,SP,AFG,
photos/phil-salt.jpg,Phil Salt,WK,ENG,RCB
photos/quinton-de-kock.jpg,Quinton de Kock,WK,SA,KKR
photos/ishan-kishan.jpg,Ishan Kishan,WK,IN,SRH
photos/rahmanullah-gurbaz.jpg,Rahmanullah Gurbaz,WK,AFG,KKR
photos/jitesh-sharma.jpg,Jitesh Sharma,WK,IN,RCB
photos/josh-inglis.jpg,Josh Inglis,WK,AUS,PBKS
photos/kumar-kushagra.jpg,Kumar Kushagra,WK,IN,GT
photos/anuj-rawat.jpg,Anuj Rawat,WK,IN,GT
photos/vishnu-vinod.jpg,Vishnu Vinod,WK,IN,PBKS
photos/robin-minz.jpg,Robin Minz,WK,IN,MI
photos/vansh-bedi.jpg,Vansh Bedi,WK,IN,CSK
photos/loveeth-sisodia.jpg,Loveeth Sisodia,WK,IN,KKR
photos/aryan-juyal.jpg,Aryan Juyal,WK,IN,LSG
photos/krishnan-shrijith.jpg,Krishnan Shrijith,WK,IN,MI
photos/kunal-singh-rathore.jpg,Kunal Singh Rathore,WK,IN,RR
photos/donovan-ferreira.jpg,Donovan Ferreira,WK,SA,DC
photos/jonny-bairstow.jpg,Jonny Bairstow,WK,ENG,
photos/alex-carey.jpg,Alex Carey,WK,AUS,
photos/sam-billings.jpg,Sam Billings,WK,ENG,
photos/tom-kohler-cadmore.jpg,Tom Kohler-Cadmore,WK,ENG,
photos/wriddhiman-saha.jpg,Wriddhiman Saha,WK,IN,
photos/tim-seifert.jpg,Tim Seifert,WK,NZ,
photos/david-warner.jpg,David Warner,BA,AUS,
photos/prithvi-shaw.jpg,Prithvi Shaw,BA,IN,
photos/kane-williamson.jpg,Kane Williamson,BA,NZ,
photos/mayank-agarwal.jpg,Mayank Agarwal,BA,IN,
photos/joe-root.jpg,Joe Root,BA,ENG,
photos/rilee-rossouw.jpg,Rilee Rossouw,BA,SA,
photos/finn-allen.jpg,Finn Allen,BA,NZ,
photos/dewald-brevis.jpg,Dewald Brevis,BA,SA,
